Irvin,Riesling
Owen,Pinot Noir
August,Sauvignon Blanc
Christian,Merlot
Arlen,Pinot Noir
Chance,Cabernet
Harland,Syrah
Tuan,Riesling
Broderick,Pinot Noir
Victor,Chardonnay
Quincy,Sauvignon Blanc
Leandro,Merlot
Emmitt,Riesling
Trey,Pinot Noir
Tommy,Riesling
Jim,Chardonnay
Dana,Riesling
Jacques,Chardonnay
Jose,Riesling
Rickey,Chardonnay
Noel,Chardonnay
Kristopher,Sauvignon Blanc
Eldridge,Merlot
Kenneth,Riesling
Wilburn,Chardonnay
Lucien,Riesling
Dalton,Chardonnay
Zane,Riesling
Aurelio,Chardonnay
Sol,Pinot Noir
Glenn,Cabernet
Thurman,Syrah
Carson,Zinfandel
Carmelo,Merlot
George,Pinot Noir
Jonathon,Cabernet
Mauricio,Syrah
Reginald,Merlot
Clark,Sauvignon Blanc
Rolf,Merlot
Jamar,Pinot Noir
Tyson,Cabernet
Alonso,Syrah
Aron,Riesling
Tom,Pinot Noir
Forest,Zinfandel
Byron,Chardonnay
Jefferson,Sauvignon Blanc
Jordan,Merlot
Josiah,Pinot Noir
Jessica,Pinot Noir
Joie,Cabernet
Renda,Syrah
Joaquina,Zinfandel
Johnsie,Zinfandel
Raylene,Riesling
Leda,Pinot Noir
Rona,Pinot Noir
Cecelia,Cabernet
Evalyn,Zinfandel
Jeneva,Chardonnay
Kelsey,Sauvignon Blanc
Daine,Sauvignon Blanc
Keiko,Merlot
Lonna,Pinot Noir
Joana,Cabernet
Lorita,Syrah
Danica,Pinot Noir
Helene,Pinot Noir
Rosanne,Pinot Noir
Christy,Chardonnay
Rosemarie,Sauvignon Blanc
Londa,Merlot
Erna,Pinot Noir
Denice,Riesling
Yi,Chardonnay
Terrilyn,Riesling
Bridget,Pinot Noir
Irma,Cabernet
Sabrina,Sauvignon Blanc
Ellen,Merlot
Jayne,Pinot Noir
Dung,Cabernet
Angelica,Syrah
Thao,Pinot Noir
Dena,Cabernet
Dimple,Zinfandel
Tonette,Riesling
Marketta,Pinot Noir
Fredia,Sauvignon Blanc
Alia,Merlot
Takisha,Pinot Noir
Elvie,Cabernet
Ashleigh,Syrah
Shanta,Pinot Noir
Lakendra,Chardonnay
Alvina,Sauvignon Blanc
Annamae,Merlot
Racheal,Zinfandel
Ellan,Riesling